,classname
0,ham
1,spam
2,ham
3,ham
4,spam
5,ham
6,spam
7,ham
8,ham
9,ham
10,ham
11,ham
12,ham
13,ham
14,ham
15,ham
16,ham
17,ham
18,ham
19,ham
20,ham
21,ham
22,ham
23,ham
24,ham
25,ham
26,spam
27,ham
28,ham
29,spam
30,ham
31,ham
32,ham
33,ham
34,ham
35,ham
36,ham
37,ham
38,spam
39,ham
40,ham
41,ham
42,ham
43,ham
44,ham
45,ham
46,ham
47,ham
48,ham
49,ham
50,ham
51,spam
52,ham
53,ham
54,ham
55,ham
56,ham
57,ham
58,spam
59,ham
60,ham
61,ham
62,ham
63,ham
64,ham
65,ham
66,ham
67,ham
68,ham
69,ham
70,ham
71,spam
72,ham
73,ham
74,ham
75,ham
76,ham
77,ham
78,ham
79,ham
80,spam
81,ham
82,ham
83,ham
84,ham
85,ham
86,ham
87,ham
88,ham
89,ham
90,spam
91,ham
92,ham
93,ham
94,ham
95,ham
96,spam
97,ham
98,ham
99,ham
100,ham
101,spam
102,ham
103,spam
104,ham
105,ham
106,ham
107,spam
108,spam
109,ham
110,ham
111,ham
112,ham
113,ham
114,ham
115,ham
116,ham
117,ham
118,ham
119,spam
120,ham
121,spam
122,ham
123,ham
124,ham
125,ham
126,ham
127,ham
128,ham
129,ham
130,ham
131,ham
132,spam
133,ham
134,ham
135,ham
136,ham
137,ham
138,ham
139,ham
140,ham
141,ham
142,ham
143,ham
144,ham
145,ham
146,spam
147,ham
148,spam
149,ham
150,ham
151,ham
152,ham
153,ham
154,ham
155,ham
156,ham
157,spam
158,ham
159,ham
160,ham
161,ham
162,ham
163,ham
164,ham
165,ham
166,ham
167,ham
168,ham
169,ham
170,ham
171,ham
172,spam
173,ham
174,ham
175,ham
176,spam
177,ham
178,spam
179,ham
180,ham
181,ham
182,ham
183,spam
184,ham
185,ham
186,ham
187,spam
188,ham
189,ham
190,spam
191,ham
192,ham
193,ham
194,spam
195,ham
196,spam
197,ham
198,ham
199,ham
200,spam
201,ham
202,ham
203,spam
204,ham
205,ham
206,ham
207,ham
208,spam
209,ham
210,ham
211,ham
212,spam
213,ham
214,spam
215,ham
216,ham
217,spam
218,ham
219,ham
220,ham
221,ham
222,spam
223,ham
224,ham
225,ham
226,ham
227,ham
228,ham
229,ham
230,ham
231,ham
232,ham
233,ham
234,ham
235,ham
236,ham
237,ham
238,ham
239,ham
240,ham
241,ham
242,ham
243,ham
244,ham
245,ham
246,ham
247,ham
248,spam
249,ham
250,ham
251,ham
252,ham
253,ham
254,ham
255,ham
256,ham
257,ham
258,ham
259,spam
260,ham
261,ham
262,ham
263,ham
264,spam
265,ham
266,ham
267,ham
268,ham
269,ham
270,ham
271,spam
272,ham
273,ham
274,ham
275,ham
276,ham
277,ham
278,ham
279,ham
280,ham
281,ham
282,ham
283,ham
284,ham
285,ham
286,ham
287,ham
288,ham
289,ham
290,ham
291,ham
292,spam
293,ham
294,ham
295,ham
296,ham
297,ham
298,ham
299,ham
300,ham
301,spam
302,ham
303,spam
304,ham
305,ham
306,spam
307,ham
308,ham
309,ham
310,ham
311,spam
312,ham
313,ham
314,ham
315,ham
316,ham
317,ham
318,ham
319,ham
320,ham
321,ham
322,ham
323,ham
324,ham
325,ham
326,ham
327,spam
328,ham
329,spam
330,ham
331,ham
332,ham
333,ham
334,spam
335,ham
336,ham
337,ham
338,ham
339,spam
340,ham
341,ham
342,spam
343,ham
344,spam
345,ham
346,ham
347,ham
348,ham
349,ham
350,ham
351,ham
352,ham
353,ham
354,ham
355,ham
356,ham
357,ham
358,spam
359,ham
360,ham
361,ham
362,ham
363,ham
364,ham
365,ham
366,ham
367,ham
368,ham
369,ham
370,ham
371,ham
372,ham
373,ham
374,ham
375,ham
376,ham
377,ham
378,ham
379,ham
380,ham
381,ham
382,ham
383,ham
384,ham
385,ham
386,ham
387,ham
388,ham
389,ham
390,ham
391,spam
392,ham
393,ham
394,ham
395,ham
396,ham
397,ham
398,ham
399,ham
400,ham
401,ham
402,ham
403,ham
404,ham
405,ham
406,ham
407,ham
408,ham
409,ham
410,ham
411,ham
412,ham
413,ham
414,spam
415,ham
416,ham
417,ham
418,ham
419,ham
420,ham
421,spam
422,ham
423,ham
424,ham
425,ham
426,ham
427,ham
428,ham
429,ham
430,ham
431,ham
432,ham
433,ham
434,ham
435,ham
436,ham
437,ham
438,ham
439,ham
440,ham
441,ham
442,ham
443,ham
444,ham
445,ham
446,ham
447,ham
448,ham
449,ham
450,ham
451,spam
452,ham
453,ham
454,ham
455,ham
456,ham
457,ham
458,ham
459,ham
460,ham
461,ham
462,ham
463,ham
464,ham
465,ham
466,ham
467,spam
468,spam
469,ham
470,ham
471,ham
472,ham
473,ham
474,ham
475,ham
476,ham
477,ham
478,spam
479,ham
480,ham
481,ham
482,ham
483,ham
484,ham
485,spam
486,ham
487,ham
488,ham
489,ham
490,ham
491,ham
492,spam
493,ham
494,ham
495,ham
496,ham
497,ham
498,spam
499,ham
500,ham
501,ham
502,spam
503,ham
504,spam
505,ham
506,ham
507,ham
508,ham
509,ham
510,ham
511,ham
512,spam
513,ham
514,ham
515,ham
516,ham
517,ham
518,ham
519,spam
520,ham
521,ham
522,spam
523,ham
524,ham
525,ham
526,ham
527,ham
528,ham
529,ham
530,ham
531,spam
532,ham
533,ham
534,ham
535,ham
536,ham
537,ham
538,ham
539,ham
540,ham
541,ham
542,ham
543,ham
544,ham
545,ham
546,ham
547,ham
548,ham
549,ham
550,ham
551,ham
552,ham
553,ham
554,ham
555,ham
556,ham
557,spam
558,ham
559,ham
560,ham
561,ham
562,ham
563,ham
564,spam
565,ham
566,ham
567,ham
568,ham
569,spam
570,ham
571,spam
572,ham
573,spam
574,ham
575,ham
576,ham
577,ham
578,ham
579,ham
580,ham
581,ham
582,ham
583,ham
584,ham
585,ham
586,ham
587,spam
588,spam
589,ham
590,ham
591,ham
592,ham
593,ham
594,ham
595,ham
596,ham
597,ham
598,ham
599,ham
600,ham
601,ham
602,ham
603,ham
604,ham
605,ham
606,ham
607,ham
608,ham
609,ham
610,spam
611,spam
612,ham
613,spam
614,ham
615,ham
616,ham
617,ham
618,ham
619,ham
620,ham
621,ham
622,ham
623,ham
624,ham
625,ham
626,spam
627,spam
628,ham
629,ham
630,spam
631,spam
632,ham
633,ham
634,ham
635,ham
636,ham
637,ham
638,ham
639,ham
640,ham
641,ham
642,spam
643,ham
644,ham
645,ham
646,spam
647,ham
648,ham
649,ham
650,ham
651,spam
652,spam
653,ham
654,ham
655,ham
656,ham
657,ham
658,ham
659,spam
660,ham
661,spam
662,ham
663,spam
664,ham
665,ham
666,ham
667,spam
668,spam
669,ham
670,ham
671,ham
672,spam
673,spam
674,ham
675,spam
676,ham
677,ham
678,ham
679,ham
680,ham
681,ham
682,ham
683,ham
684,ham
685,ham
686,ham
687,ham
688,ham
689,ham
690,ham
691,spam
692,ham
693,ham
694,spam
695,spam
696,ham
697,ham
698,ham
699,ham
700,ham
701,ham
702,ham
703,spam
704,ham
705,ham
706,ham
707,ham
708,ham
709,ham
710,ham
711,ham
712,spam
713,ham
714,ham
715,spam
716,ham
717,ham
718,ham
719,ham
720,ham
721,ham
722,ham
723,spam
724,ham
725,ham
726,ham
727,ham
728,ham
729,spam
730,ham
731,ham
732,ham
733,ham
734,spam
735,ham
736,ham
737,ham
738,ham
739,ham
740,ham
741,ham
742,ham
743,spam
744,ham
745,ham
746,ham
747,ham
748,spam
749,ham
750,ham
751,ham
752,ham
753,spam
754,ham
755,ham
756,ham
757,ham
758,ham
759,ham
760,ham
761,spam
762,ham
763,ham
764,ham
765,ham
766,ham
767,ham
768,ham
769,ham
770,ham
771,ham
772,ham
773,ham
774,ham
775,spam
776,spam
777,ham
778,ham
779,ham
780,spam
781,ham
782,ham
783,ham
784,ham
785,ham
786,ham
787,ham
788,ham
789,ham
790,ham
791,ham
792,ham
793,ham
794,ham
795,spam
796,ham
797,ham
798,ham
799,ham
800,ham
801,ham
802,ham
803,ham
804,spam
805,spam
806,spam
807,ham
808,ham
809,ham
810,ham
811,ham
812,ham
813,ham
814,ham
815,ham
816,ham
817,ham
818,ham
819,ham
820,ham
821,ham
822,spam
823,ham
824,ham
825,ham
826,ham
827,ham
828,ham
829,ham
830,ham
831,ham
832,ham
833,ham
834,ham
835,ham
836,ham
837,ham
838,ham
839,ham
840,ham
841,ham
842,ham
843,ham
844,spam
845,ham
846,ham
847,spam
848,ham
849,ham
850,ham
851,spam
852,ham
853,ham
854,ham
855,ham
856,ham
857,ham
858,ham
859,ham
860,ham
861,ham
862,ham
863,spam
864,ham
865,ham
866,spam
867,ham
868,ham
869,ham
870,ham
871,spam
872,ham
873,ham
874,ham
875,ham
876,ham
877,ham
878,ham
879,ham
880,ham
881,ham
882,ham
883,ham
884,ham
885,spam
886,spam
887,spam
888,ham
889,ham
890,ham
891,ham
892,ham
893,spam
894,ham
895,ham
896,ham
897,ham
898,ham
899,ham
900,ham
901,ham
902,ham
903,ham
904,ham
905,ham
906,ham
907,ham
908,ham
909,ham
910,spam
911,ham
912,ham
913,ham
914,ham
915,ham
916,ham
917,ham
918,ham
919,ham
920,ham
921,ham
922,ham
923,ham
924,spam
925,ham
926,ham
927,ham
928,ham
929,ham
930,ham
931,ham
932,ham
933,ham
934,ham
935,ham
936,ham
937,ham
938,spam
939,ham
940,ham
941,ham
942,ham
943,ham
944,ham
945,ham
946,ham
947,ham
948,ham
949,ham
950,ham
951,ham
952,ham
953,ham
954,ham
955,ham
956,ham
957,ham
958,ham
959,ham
960,ham
961,ham
962,ham
963,ham
964,ham
965,ham
966,ham
967,ham
968,ham
969,ham
970,ham
971,ham
972,ham
973,ham
974,ham
975,ham
976,ham
977,ham
978,ham
979,ham
980,ham
981,ham
982,ham
983,ham
984,ham
985,ham
986,ham
987,ham
988,ham
989,ham
990,ham
991,ham
992,ham
993,ham
994,ham
995,spam
996,ham
997,spam
998,ham
999,spam
1000,ham
1001,ham
1002,spam
1003,ham
1004,ham
1005,ham
1006,ham
1007,ham
1008,spam
1009,ham
1010,ham
1011,ham
1012,ham
1013,ham
1014,spam
1015,ham
1016,spam
1017,ham
1018,ham
1019,spam
1020,ham
1021,ham
1022,ham
1023,ham
1024,ham
1025,ham
1026,ham
1027,ham
1028,ham
1029,ham
1030,ham
1031,ham
1032,ham
1033,ham
1034,ham
1035,ham
1036,ham
1037,spam
1038,ham
1039,ham
1040,ham
1041,ham
1042,spam
1043,ham
1044,ham
1045,ham
1046,ham
1047,ham
1048,ham
1049,ham
1050,ham
1051,ham
1052,spam
1053,ham
1054,ham
1055,ham
1056,ham
1057,ham
1058,ham
1059,spam
1060,ham
1061,ham
1062,ham
1063,ham
1064,spam
1065,ham
1066,ham
1067,ham
1068,ham
1069,ham
1070,ham
1071,ham
1072,ham
1073,ham
1074,ham
1075,ham
1076,ham
1077,ham
1078,ham
1079,ham
1080,ham
1081,ham
1082,spam
1083,ham
1084,spam
1085,ham
1086,spam
1087,ham
1088,ham
1089,ham
1090,ham
1091,spam
1092,ham
1093,ham
1094,ham
1095,spam
1096,ham
1097,ham
1098,ham
1099,spam
1100,ham
1101,ham
1102,ham
1103,ham
1104,spam
1105,ham
1106,ham
1107,ham
1108,ham
1109,ham
1110,ham
1111,ham
1112,ham
1113,ham
1114,ham
1115,ham
1116,ham
1117,ham
1118,ham
1119,spam
1120,ham
1121,ham
1122,ham
1123,ham
1124,ham
1125,ham
1126,ham
1127,ham
1128,ham
1129,ham
1130,ham
1131,ham
1132,ham
1133,spam
1134,ham
1135,ham
1136,ham
1137,ham
1138,ham
1139,ham
1140,spam
1141,ham
1142,ham
1143,ham
1144,spam
1145,ham
1146,ham
1147,ham
1148,ham
1149,ham
1150,ham
1151,ham
1152,ham
1153,ham
1154,ham
1155,ham
1156,ham
1157,ham
1158,ham
1159,ham
1160,ham
1161,ham
1162,ham
1163,ham
1164,ham
1165,ham
1166,spam
1167,ham
1168,ham
1169,ham
1170,ham
1171,ham
1172,ham
1173,ham
1174,ham
1175,ham
1176,ham
1177,ham
1178,ham
1179,ham
1180,ham
1181,ham
1182,ham
1183,ham
1184,ham
1185,ham
1186,ham
1187,spam
1188,ham
1189,ham
1190,ham
1191,ham
1192,ham
1193,ham
1194,ham
1195,ham
1196,ham
1197,spam
1198,ham
1199,ham
1200,ham
1201,ham
1202,ham
1203,ham
1204,ham
1205,ham
1206,ham
1207,ham
1208,spam
1209,ham
1210,ham
1211,ham
1212,ham
1213,ham
1214,ham
1215,ham
1216,ham
1217,ham
1218,ham
1219,ham
1220,ham
1221,ham
1222,ham
1223,spam
1224,ham
1225,ham
1226,ham
1227,ham
1228,spam
1229,ham
1230,ham
1231,ham
1232,spam
1233,ham
1234,ham
1235,ham
1236,ham
1237,ham
1238,ham
1239,ham
1240,ham
1241,ham
1242,ham
1243,ham
1244,ham
1245,spam
1246,spam
1247,ham
1248,spam
1249,ham
1250,ham
1251,ham
1252,ham
1253,ham
1254,ham
1255,ham
1256,ham
1257,ham
1258,spam
1259,ham
1260,ham
1261,ham
1262,ham
1263,ham
1264,ham
1265,ham
1266,ham
1267,spam
1268,ham
1269,spam
1270,ham
1271,ham
1272,ham
1273,ham
1274,ham
1275,ham
1276,ham
1277,ham
1278,ham
1279,ham
1280,ham
1281,ham
1282,ham
1283,ham
1284,ham
1285,ham
1286,ham
1287,ham
1288,ham
1289,ham
1290,ham
1291,ham
1292,ham
1293,ham
1294,ham
1295,ham
1296,spam
1297,ham
1298,ham
1299,ham
1300,ham
1301,ham
1302,ham
1303,ham
1304,ham
1305,ham
1306,spam
1307,ham
1308,ham
1309,ham
1310,ham
1311,ham
1312,ham
1313,ham
1314,ham
1315,spam
1316,ham
1317,ham
1318,ham
1319,ham
1320,ham
1321,ham
1322,spam
1323,ham
1324,ham
1325,ham
1326,ham
1327,ham
1328,spam
1329,ham
1330,spam
1331,ham
1332,ham
1333,ham
1334,ham
1335,ham
1336,ham
1337,ham
1338,ham
1339,ham
1340,spam
1341,ham
1342,ham
1343,spam
1344,ham
1345,ham
1346,ham
1347,ham
1348,ham
1349,ham
1350,ham
1351,ham
1352,ham
1353,ham
1354,spam
1355,spam
1356,spam
1357,ham
1358,ham
1359,ham
1360,ham
1361,ham
1362,ham
1363,ham
1364,ham
1365,ham
1366,ham
1367,spam
1368,ham
1369,spam
1370,ham
1371,ham
1372,ham
1373,ham
1374,ham
1375,ham
1376,ham
1377,ham
1378,ham
1379,ham
1380,ham
1381,ham
1382,ham
1383,ham
1384,spam
1385,ham
1386,spam
1387,ham
1388,ham
1389,ham
1390,ham
1391,ham
1392,ham
1393,ham
1394,ham
1395,spam
1396,ham
1397,ham
1398,ham
1399,ham
1400,ham
1401,ham
1402,ham
1403,spam
1404,ham
1405,ham
1406,ham
1407,spam
1408,ham
1409,ham
1410,ham
1411,ham
1412,ham
1413,ham
1414,spam
1415,ham
1416,ham
1417,ham
1418,ham
1419,ham
1420,ham
1421,ham
1422,spam
1423,ham
1424,ham
1425,ham
1426,ham
1427,ham
1428,ham
1429,ham
1430,ham
1431,ham
1432,ham
1433,ham
1434,ham
1435,spam
1436,ham
1437,ham
1438,ham
1439,ham
1440,spam
1441,ham
1442,spam
1443,ham
1444,ham
1445,spam
1446,ham
1447,ham
1448,ham
1449,ham
1450,spam
1451,ham
1452,ham
1453,spam
1454,ham
1455,spam
1456,spam
1457,ham
1458,ham
1459,ham
1460,spam
1461,ham
1462,ham
1463,ham
1464,ham
1465,ham
1466,ham
1467,spam
1468,ham
1469,ham
1470,ham
1471,spam
1472,ham
1473,ham
1474,ham
1475,spam
1476,ham
1477,ham
1478,ham
1479,ham
1480,ham
1481,ham
1482,ham
1483,ham
1484,ham
1485,ham
1486,spam
1487,ham
1488,ham
1489,ham
1490,ham
1491,ham
1492,ham
1493,spam
1494,ham
1495,ham
1496,ham
1497,ham
1498,ham
1499,ham
1500,ham
1501,ham
1502,ham
1503,ham
1504,ham
1505,spam
1506,ham
1507,ham
1508,ham
1509,ham
1510,spam
1511,ham
1512,ham
1513,spam
1514,ham
1515,ham
1516,ham
1517,ham
1518,ham
1519,ham
1520,ham
1521,ham
1522,ham
1523,spam
1524,ham
1525,ham
1526,ham
1527,spam
1528,ham
1529,ham
1530,spam
1531,ham
1532,ham
1533,ham
1534,spam
1535,ham
1536,ham
1537,ham
1538,ham
1539,ham
1540,ham
1541,ham
1542,ham
1543,ham
1544,ham
1545,ham
1546,spam
1547,ham
1548,ham
1549,ham
1550,ham
1551,ham
1552,ham
1553,spam
1554,ham
1555,ham
1556,ham
1557,ham
1558,ham
1559,spam
1560,ham
1561,ham
1562,ham
1563,ham
1564,ham
1565,ham
1566,ham
1567,ham
1568,ham
1569,ham
1570,ham
1571,spam
1572,ham
1573,ham
1574,spam
1575,ham
1576,ham
1577,ham
1578,ham
1579,ham
1580,ham
1581,ham
1582,ham
1583,ham
1584,ham
1585,ham
1586,ham
1587,ham
1588,spam
1589,ham
1590,ham
1591,ham
1592,spam
1593,ham
1594,ham
1595,ham
1596,spam
1597,ham
1598,ham
1599,ham
1600,ham
1601,ham
1602,ham
1603,ham
1604,ham
1605,ham
1606,ham
1607,ham
1608,ham
1609,spam
1610,ham
1611,ham
1612,ham
1613,ham
1614,ham
1615,ham
1616,ham
1617,ham
1618,ham
1619,ham
1620,ham
1621,ham
1622,ham
1623,ham
1624,ham
1625,ham
1626,ham
1627,ham
1628,ham
1629,ham
1630,ham
1631,ham
1632,ham
1633,ham
1634,spam
1635,ham
1636,ham
1637,ham
1638,ham
1639,ham
1640,ham
1641,ham
1642,spam
1643,ham
1644,ham
1645,spam
1646,ham
1647,ham
1648,ham
1649,ham
1650,spam
1651,ham
1652,spam
1653,spam
1654,ham
1655,ham
1656,ham
1657,ham
1658,spam
1659,ham
1660,ham
1661,spam
1662,ham
1663,ham
1664,ham
1665,ham
1666,ham
1667,ham
1668,spam
1669,ham
1670,ham
1671,ham
1672,ham
1673,ham
1674,ham
1675,ham
1676,ham
1677,ham
1678,ham
1679,ham
1680,ham
1681,ham
1682,ham
1683,ham
1684,ham
1685,ham
1686,spam
1687,ham
1688,spam
1689,ham
1690,ham
1691,spam
1692,spam
1693,ham
1694,spam
1695,ham
1696,ham
1697,ham
1698,ham
1699,ham
1700,ham
1701,ham
1702,ham
1703,spam
1704,ham
1705,spam
1706,spam
1707,ham
1708,ham
1709,ham
1710,ham
1711,ham
1712,ham
1713,ham
1714,ham
1715,ham
1716,ham
1717,ham
1718,ham
1719,ham
1720,ham
1721,spam
1722,ham
1723,spam
1724,ham
1725,ham
1726,ham
1727,ham
1728,ham
1729,ham
1730,ham
1731,spam
1732,ham
1733,ham
1734,ham
1735,ham
1736,ham
1737,ham
1738,ham
1739,ham
1740,ham
1741,ham
1742,ham
1743,spam
1744,ham
1745,ham
1746,ham
1747,ham
1748,ham
1749,ham
1750,ham
1751,ham
1752,ham
1753,ham
1754,ham
1755,ham
1756,ham
1757,ham
1758,ham
1759,ham
1760,ham
1761,ham
1762,ham
1763,ham
1764,ham
1765,ham
1766,spam
1767,ham
1768,spam
1769,ham
1770,ham
1771,ham
1772,spam
1773,ham
1774,ham
1775,ham
1776,ham
1777,spam
1778,ham
1779,ham
1780,ham
1781,ham
1782,ham
1783,ham
1784,ham
1785,ham
1786,ham
1787,ham
1788,ham
1789,ham
1790,ham
1791,ham
1792,ham
1793,ham
1794,ham
1795,ham
1796,ham
1797,ham
1798,spam
1799,ham
1800,spam
1801,spam
1802,ham
1803,spam
1804,spam
1805,spam
1806,ham
1807,ham
1808,ham
1809,ham
1810,ham
1811,ham
1812,ham
1813,ham
1814,ham
1815,ham
1816,ham
1817,ham
1818,ham
1819,ham
1820,ham
1821,ham
1822,ham
1823,ham
1824,ham
1825,ham
1826,ham
1827,ham
1828,ham
1829,ham
1830,ham
1831,ham
1832,ham
1833,spam
1834,ham
1835,ham
1836,spam
1837,ham
1838,ham
1839,ham
1840,ham
1841,ham
1842,ham
1843,spam
1844,ham
1845,ham
1846,spam
1847,ham
1848,ham
1849,ham
1850,ham
1851,ham
1852,ham
1853,ham
1854,ham
1855,ham
1856,ham
1857,ham
1858,ham
1859,ham
1860,ham
1861,ham
1862,ham
1863,ham
1864,ham
1865,spam
1866,spam
1867,spam
1868,ham
1869,ham
1870,spam
1871,ham
1872,ham
1873,ham
1874,ham
1875,ham
1876,ham
1877,ham
1878,ham
1879,spam
1880,ham
1881,spam
1882,ham
1883,ham
1884,ham
1885,ham
1886,ham
1887,spam
1888,ham
1889,ham
1890,ham
1891,ham
1892,ham
1893,ham
1894,ham
1895,ham
1896,ham
1897,ham
1898,ham
1899,ham
1900,ham
1901,ham
1902,ham
1903,ham
1904,ham
1905,ham
1906,ham
1907,ham
1908,ham
1909,ham
1910,ham
1911,ham
1912,ham
1913,spam
1914,ham
1915,ham
1916,ham
1917,ham
1918,ham
1919,ham
1920,spam
1921,ham
1922,spam
1923,spam
1924,ham
1925,ham
1926,ham
1927,ham
1928,ham
1929,ham
1930,ham
1931,ham
1932,ham
1933,ham
1934,spam
1935,ham
1936,ham
1937,ham
1938,ham
1939,ham
1940,ham
1941,spam
1942,ham
1943,ham
1944,ham
1945,ham
1946,spam
1947,ham
1948,ham
1949,ham
1950,ham
1951,ham
1952,ham
1953,ham
1954,ham
1955,ham
1956,spam
1957,ham
1958,ham
1959,ham
1960,ham
1961,ham
1962,spam
1963,ham
1964,ham
1965,ham
1966,spam
1967,ham
1968,ham
1969,ham
1970,ham
1971,ham
1972,ham
1973,ham
1974,ham
1975,ham
1976,ham
1977,ham
1978,ham
1979,ham
1980,spam
1981,ham
1982,ham
1983,ham
1984,ham
1985,ham
1986,ham
1987,ham
1988,ham
1989,ham
1990,spam
1991,ham
1992,ham
1993,ham
1994,ham
1995,ham
1996,ham
1997,ham
1998,ham
1999,ham
2000,ham
2001,ham
2002,ham
2003,ham
2004,ham
2005,spam
2006,ham
2007,ham
2008,ham
2009,ham
2010,spam
2011,ham
2012,ham
2013,ham
2014,ham
2015,ham
2016,ham
2017,ham
2018,ham
2019,ham
2020,ham
2021,ham
2022,ham
2023,ham
2024,ham
2025,ham
2026,ham
2027,ham
2028,ham
2029,ham
2030,ham
2031,ham
2032,ham
2033,spam
2034,ham
2035,ham
2036,ham
2037,spam
2038,ham
2039,ham
2040,ham
2041,ham
2042,ham
2043,ham
2044,ham
2045,ham
2046,ham
2047,ham
2048,ham
2049,ham
2050,ham
2051,ham
2052,ham
2053,ham
2054,ham
2055,ham
2056,ham
2057,ham
2058,ham
2059,ham
2060,ham
2061,ham
2062,spam
2063,ham
2064,ham
2065,ham
2066,ham
2067,ham
2068,ham
2069,ham
2070,ham
2071,ham
2072,ham
2073,ham
2074,ham
2075,ham
2076,ham
2077,ham
2078,ham
2079,ham
2080,ham
2081,ham
2082,ham
2083,ham
2084,ham
2085,ham
2086,ham
2087,ham
2088,ham
2089,ham
2090,spam
2091,ham
2092,spam
2093,ham
2094,ham
2095,ham
2096,ham
2097,ham
2098,ham
2099,ham
2100,ham
2101,ham
2102,ham
2103,spam
2104,ham
2105,spam
2106,ham
2107,ham
2108,ham
2109,ham
2110,ham
2111,ham
2112,ham
2113,ham
2114,ham
2115,ham
2116,ham
2117,spam
2118,ham
2119,ham
2120,spam
2121,ham
2122,ham
2123,ham
2124,ham
2125,ham
2126,ham
2127,ham
2128,spam
2129,ham
2130,ham
2131,ham
2132,ham
2133,spam
2134,ham
2135,spam
2136,spam
2137,ham
2138,ham
2139,ham
2140,ham
2141,ham
2142,spam
2143,ham
2144,spam
2145,ham
2146,ham
2147,ham
2148,ham
2149,ham
2150,spam
2151,spam
2152,ham
2153,ham
2154,ham
2155,ham
2156,ham
2157,ham
2158,ham
2159,ham
2160,spam
2161,ham
2162,ham
2163,ham
2164,ham
2165,ham
2166,spam
2167,ham
2168,ham
2169,ham
2170,ham
2171,ham
2172,ham
2173,ham
2174,ham
2175,ham
2176,ham
2177,ham
2178,ham
2179,spam
2180,ham
2181,ham
2182,ham
2183,ham
2184,ham
2185,ham
2186,ham
2187,ham
2188,ham
2189,ham
2190,spam
2191,ham
2192,spam
2193,ham
2194,ham
2195,ham
2196,ham
2197,ham
2198,ham
2199,ham
2200,ham
2201,spam
2202,ham
2203,ham
2204,ham
2205,ham
2206,ham
2207,ham
2208,ham
2209,ham
2210,ham
2211,ham
2212,spam
2213,ham
2214,ham
2215,ham
2216,ham
2217,ham
2218,ham
2219,ham
2220,ham
2221,ham
2222,ham
2223,ham
2224,ham
2225,ham
2226,ham
2227,ham
2228,ham
2229,ham
2230,ham
2231,ham
2232,ham
2233,ham
2234,ham
2235,ham
2236,spam
2237,ham
2238,ham
2239,ham
2240,ham
2241,ham
2242,ham
2243,spam
2244,ham
2245,ham
2246,ham
2247,ham
2248,ham
2249,ham
2250,ham
2251,ham
2252,ham
2253,ham
2254,ham
2255,ham
2256,ham
2257,ham
2258,ham
2259,ham
2260,ham
2261,ham
2262,ham
2263,ham
2264,ham
2265,spam
2266,ham
2267,ham
2268,ham
2269,ham
2270,spam
2271,ham
2272,spam
2273,ham
2274,ham
2275,spam
2276,ham
2277,ham
2278,ham
2279,ham
2280,spam
2281,ham
2282,ham
2283,ham
2284,ham
2285,ham
2286,ham
2287,spam
2288,ham
2289,ham
2290,ham
2291,spam
2292,ham
2293,ham
2294,ham
2295,spam
2296,ham
2297,ham
2298,ham
2299,ham
2300,ham
2301,ham
2302,ham
2303,ham
2304,ham
2305,ham
2306,ham
2307,ham
2308,spam
2309,ham
2310,ham
2311,ham
2312,ham
2313,ham
2314,spam
2315,ham
2316,ham
2317,ham
2318,ham
2319,ham
2320,spam
2321,ham
2322,ham
2323,ham
2324,ham
2325,spam
2326,ham
2327,ham
2328,ham
2329,ham
2330,ham
2331,ham
2332,spam
2333,ham
2334,ham
2335,spam
2336,ham
2337,ham
2338,ham
2339,ham
2340,ham
2341,ham
2342,ham
2343,ham
2344,ham
2345,ham
2346,ham
2347,ham
2348,ham
2349,spam
2350,ham
2351,ham
2352,ham
2353,spam
2354,ham
2355,ham
2356,ham
2357,spam
2358,ham
2359,ham
2360,spam
2361,ham
2362,ham
2363,ham
2364,ham
2365,ham
2366,ham
2367,ham
2368,ham
2369,ham
2370,ham
2371,ham
2372,ham
2373,ham
2374,ham
2375,ham
2376,ham
2377,ham
2378,ham
2379,ham
2380,spam
2381,ham
2382,ham
2383,ham
2384,spam
2385,ham
2386,ham
2387,ham
2388,ham
2389,spam
2390,ham
2391,ham
2392,ham
2393,ham
2394,spam
2395,ham
2396,ham
2397,spam
2398,ham
2399,spam
2400,ham
2401,spam
2402,ham
2403,ham
2404,ham
2405,ham
2406,ham
2407,ham
2408,ham
2409,ham
2410,ham
2411,ham
2412,spam
2413,ham
2414,ham
2415,spam
2416,ham
2417,ham
2418,ham
2419,ham
2420,ham
2421,ham
2422,spam
2423,ham
2424,ham
2425,ham
2426,ham
2427,ham
2428,ham
2429,ham
2430,ham
2431,ham
2432,ham
2433,ham
2434,ham
2435,ham
2436,spam
2437,ham
2438,ham
2439,ham
2440,ham
2441,ham
2442,ham
2443,spam
2444,ham
2445,ham
2446,ham
2447,spam
2448,ham
2449,spam
2450,ham
2451,ham
2452,ham
2453,spam
2454,ham
2455,ham
2456,ham
2457,ham
2458,ham
2459,ham
2460,ham
2461,ham
2462,ham
2463,ham
2464,spam
2465,ham
2466,spam
2467,ham
2468,ham
2469,ham
2470,ham
2471,ham
2472,ham
2473,ham
2474,ham
2475,ham
2476,ham
2477,ham
2478,ham
2479,ham
2480,ham
2481,ham
2482,spam
2483,ham
2484,ham
2485,ham
2486,ham
2487,ham
2488,ham
2489,ham
2490,spam
2491,ham
2492,ham
2493,ham
2494,ham
2495,ham
2496,ham
2497,ham
2498,ham
2499,ham
2500,ham
2501,ham
2502,spam
2503,ham
2504,ham
2505,spam
2506,ham
2507,ham
2508,ham
2509,ham
2510,ham
2511,ham
2512,ham
2513,spam
2514,ham
2515,ham
2516,ham
2517,ham
2518,ham
2519,ham
2520,ham
2521,ham
2522,ham
2523,spam
2524,ham
2525,ham
2526,spam
2527,ham
2528,ham
2529,ham
2530,ham
2531,ham
2532,ham
2533,ham
2534,ham
2535,ham
2536,ham
2537,ham
2538,spam
2539,ham
2540,ham
2541,ham
2542,ham
2543,ham
2544,ham
2545,ham
2546,ham
2547,ham
2548,ham
2549,spam
2550,ham
2551,ham
2552,ham
2553,ham
2554,ham
2555,ham
2556,ham
2557,ham
2558,ham
2559,ham
2560,ham
2561,ham
2562,ham
2563,spam
2564,ham
2565,ham
2566,ham
2567,spam
2568,ham
2569,ham
2570,ham
2571,spam
2572,ham
2573,ham
2574,ham
2575,spam
2576,ham
2577,ham
2578,ham
2579,ham
2580,ham
2581,ham
2582,ham
2583,ham
2584,spam
2585,ham
2586,ham
2587,spam
2588,spam
2589,ham
2590,ham
2591,ham
2592,ham
2593,ham
2594,ham
2595,ham
2596,ham
2597,ham
2598,ham
2599,ham
2600,ham
2601,ham
2602,ham
2603,ham
2604,ham
2605,ham
2606,ham
2607,spam
2608,ham
2609,ham
2610,ham
2611,ham
2612,spam
2613,ham
2614,ham
2615,ham
2616,spam
2617,ham
2618,ham
2619,ham
2620,spam
2621,ham
2622,ham
2623,ham
2624,ham
2625,ham
2626,ham
2627,ham
2628,ham
2629,ham
2630,ham
2631,ham
2632,ham
2633,ham
2634,ham
2635,spam
2636,spam
2637,ham
2638,ham
2639,ham
2640,ham
2641,ham
2642,ham
2643,ham
2644,ham
2645,ham
2646,ham
2647,ham
2648,ham
2649,ham
2650,spam
2651,ham
2652,ham
2653,ham
2654,ham
2655,ham
2656,ham
2657,ham
2658,ham
2659,ham
2660,ham
2661,ham
2662,spam
2663,ham
2664,ham
2665,ham
2666,ham
2667,ham
2668,ham
2669,ham
2670,ham
2671,ham
2672,spam
2673,ham
2674,spam
2675,ham
2676,ham
2677,ham
2678,ham
2679,ham
2680,ham
2681,spam
2682,spam
2683,ham
2684,ham
2685,ham
2686,ham
2687,ham
2688,ham
2689,ham
2690,ham
2691,ham
2692,ham
2693,ham
2694,spam
2695,ham
2696,spam
2697,spam
2698,ham
2699,ham
2700,spam
2701,ham
2702,ham
2703,ham
2704,ham
2705,ham
2706,ham
2707,ham
2708,ham
2709,ham
2710,ham
2711,ham
2712,ham
2713,spam
2714,spam
2715,ham
2716,ham
2717,spam
2718,ham
2719,ham
2720,ham
2721,ham
2722,ham
2723,ham
2724,ham
2725,ham
2726,ham
2727,ham
2728,ham
2729,ham
2730,ham
2731,ham
2732,ham
2733,ham
2734,ham
2735,ham
2736,ham
2737,ham
2738,ham
2739,ham
2740,spam
2741,ham
2742,ham
2743,ham
2744,ham
2745,ham
2746,ham
2747,ham
2748,ham
2749,ham
2750,ham
2751,ham
2752,spam
2753,ham
2754,ham
2755,spam
2756,ham
2757,ham
2758,ham
2759,ham
2760,ham
2761,ham
2762,ham
2763,ham
2764,ham
2765,ham
2766,ham
2767,ham
2768,ham
2769,ham
2770,ham
2771,ham
2772,ham
2773,ham
2774,ham
2775,ham
2776,ham
2777,ham
2778,ham
2779,ham
2780,ham
2781,ham
2782,ham
2783,ham
2784,ham
2785,spam
2786,spam
2787,ham
2788,spam
2789,ham
2790,ham
2791,ham
2792,ham
2793,ham
2794,ham
2795,ham
2796,ham
2797,ham
2798,ham
2799,ham
2800,ham
2801,ham
2802,ham
2803,ham
2804,ham
2805,ham
2806,spam
2807,spam
2808,ham
2809,ham
2810,ham
2811,ham
2812,ham
2813,ham
2814,ham
2815,spam
2816,ham
2817,ham
2818,ham
2819,ham
2820,ham
2821,ham
2822,ham
2823,ham
2824,ham
2825,spam
2826,spam
2827,ham
2828,ham
2829,ham
2830,ham
2831,ham
2832,ham
2833,spam
2834,ham
2835,ham
2836,ham
2837,ham
2838,ham
2839,ham
2840,ham
2841,ham
2842,ham
2843,ham
2844,ham
2845,ham
2846,ham
2847,ham
2848,ham
2849,ham
2850,ham
2851,ham
2852,ham
2853,ham
2854,ham
2855,ham
2856,ham
2857,ham
2858,ham
2859,ham
2860,ham
2861,ham
2862,spam
2863,ham
2864,ham
2865,ham
2866,ham
2867,ham
2868,ham
2869,ham
2870,ham
2871,ham
2872,ham
2873,ham
2874,ham
2875,ham
2876,ham
2877,ham
2878,ham
2879,ham
2880,spam
2881,spam
2882,ham
2883,ham
2884,spam
2885,ham
2886,ham
2887,ham
2888,ham
2889,ham
2890,spam
2891,ham
2892,ham
2893,spam
2894,ham
2895,ham
2896,ham
2897,ham
2898,ham
2899,ham
2900,ham
2901,ham
2902,ham
2903,ham
2904,spam
2905,ham
2906,ham
2907,ham
2908,ham
2909,ham
2910,spam
2911,spam
2912,ham
2913,ham
2914,ham
2915,spam
2916,ham
2917,ham
2918,ham
2919,ham
2920,ham
2921,ham
2922,ham
2923,ham
2924,ham
2925,ham
2926,ham
2927,ham
2928,ham
2929,ham
2930,ham
2931,ham
2932,spam
2933,ham
2934,ham
2935,ham
2936,ham
2937,ham
2938,ham
2939,ham
2940,ham
2941,spam
2942,ham
2943,ham
2944,ham
2945,ham
2946,ham
2947,spam
2948,spam
2949,ham
2950,ham
2951,ham
2952,ham
2953,ham
2954,ham
2955,spam
2956,ham
2957,ham
2958,ham
2959,spam
2960,ham
2961,spam
2962,ham
2963,spam
2964,ham
2965,ham
2966,ham
2967,ham
2968,ham
2969,ham
2970,ham
2971,ham
2972,ham
2973,spam
2974,spam
2975,spam
2976,ham
2977,ham
2978,ham
2979,ham
2980,ham
2981,spam
2982,ham
2983,ham
2984,ham
2985,ham
2986,spam
2987,ham
2988,ham
2989,ham
2990,ham
2991,ham
2992,ham
2993,spam
2994,ham
2995,spam
2996,ham
2997,ham
2998,ham
2999,ham
3000,ham
3001,ham
3002,ham
3003,ham
3004,ham
3005,ham
3006,ham
3007,ham
3008,ham
3009,ham
3010,ham
3011,ham
3012,ham
3013,ham
3014,ham
3015,ham
3016,ham
3017,ham
3018,spam
3019,ham
3020,ham
3021,ham
3022,ham
3023,ham
3024,ham
3025,ham
3026,ham
3027,ham
3028,ham
3029,ham
3030,ham
3031,ham
3032,ham
3033,ham
3034,ham
3035,ham
3036,ham
3037,spam
3038,ham
3039,spam
3040,ham
3041,ham
3042,ham
3043,spam
3044,ham
3045,ham
3046,ham
3047,spam
3048,ham
3049,ham
3050,ham
3051,ham
3052,ham
3053,ham
3054,ham
3055,ham
3056,ham
3057,ham
3058,ham
3059,ham
3060,ham
3061,ham
3062,ham
3063,ham
3064,ham
3065,ham
3066,ham
3067,ham
3068,spam
3069,spam
3070,ham
3071,ham
3072,ham
3073,ham
3074,ham
3075,ham
3076,ham
3077,ham
3078,ham
3079,ham
3080,ham
3081,ham
3082,ham
3083,ham
3084,spam
3085,ham
3086,ham
3087,ham
3088,ham
3089,ham
3090,ham
3091,ham
3092,ham
3093,ham
3094,ham
3095,ham
3096,ham
3097,ham
3098,ham
3099,ham
3100,ham
3101,ham
3102,ham
3103,ham
3104,ham
3105,ham
3106,ham
3107,ham
3108,ham
3109,ham
3110,ham
3111,ham
3112,ham
3113,ham
3114,ham
3115,ham
3116,ham
3117,ham
3118,ham
3119,ham
3120,ham
3121,ham
3122,ham
3123,ham
3124,ham
3125,ham
3126,ham
3127,ham
3128,ham
3129,ham
3130,ham
3131,ham
3132,ham
3133,ham
3134,ham
3135,ham
3136,ham
3137,spam
3138,ham
3139,spam
3140,ham
3141,ham
3142,spam
3143,spam
3144,ham
3145,ham
3146,ham
3147,ham
3148,ham
3149,ham
3150,ham
3151,ham
3152,ham
3153,ham
3154,ham
3155,ham
3156,ham
3157,ham
3158,ham
3159,ham
3160,ham
3161,ham
3162,ham
3163,ham
3164,ham
3165,ham
3166,ham
3167,spam
3168,ham
3169,ham
3170,ham
3171,ham
3172,ham
3173,ham
3174,ham
3175,ham
3176,ham
3177,ham
3178,ham
3179,ham
3180,ham
3181,ham
3182,ham
3183,ham
3184,ham
3185,ham
3186,spam
3187,ham
3188,ham
3189,ham
3190,ham
3191,ham
3192,ham
3193,ham
3194,ham
3195,ham
3196,ham
3197,ham
3198,ham
3199,ham
3200,ham
3201,ham
3202,ham
3203,ham
3204,spam
3205,ham
3206,spam
3207,ham
3208,ham
3209,ham
3210,ham
3211,spam
3212,ham
3213,ham
3214,ham
3215,ham
3216,ham
3217,ham
3218,spam
3219,ham
3220,ham
3221,spam
3222,spam
3223,ham
3224,ham
3225,ham
3226,ham
3227,ham
3228,ham
3229,spam
3230,ham
3231,ham
3232,ham
3233,ham
3234,ham
3235,spam
3236,ham
3237,ham
3238,ham
3239,ham
3240,ham
3241,ham
3242,ham
3243,ham
3244,ham
3245,ham
3246,ham
3247,ham
3248,ham
3249,ham
3250,ham
3251,ham
3252,ham
3253,ham
3254,spam
3255,ham
3256,ham
3257,ham
3258,ham
3259,ham
3260,ham
3261,spam
3262,ham
3263,ham
3264,ham
3265,ham
3266,ham
3267,spam
3268,ham
3269,ham
3270,ham
3271,spam
3272,ham
3273,ham
3274,ham
3275,ham
3276,ham
3277,ham
3278,ham
3279,ham
3280,ham
3281,spam
3282,ham
3283,ham
3284,ham
3285,ham
3286,ham
3287,ham
3288,ham
3289,ham
3290,spam
3291,ham
3292,ham
3293,ham
3294,ham
3295,ham
3296,ham
3297,spam
3298,ham
3299,ham
3300,spam
3301,spam
3302,ham
3303,ham
3304,ham
3305,ham
3306,ham
3307,ham
3308,spam
3309,ham
3310,ham
3311,ham
3312,ham
3313,ham
3314,ham
3315,spam
3316,ham
3317,ham
3318,ham
3319,ham
3320,ham
3321,ham
3322,ham
3323,spam
3324,ham
3325,ham
3326,ham
3327,ham
3328,ham
3329,ham
3330,ham
3331,ham
3332,ham
3333,ham
3334,ham
3335,ham
3336,spam
3337,ham
3338,ham
3339,ham
3340,ham
3341,ham
3342,ham
3343,spam
3344,ham
3345,ham
3346,ham
3347,ham
3348,ham
3349,ham
3350,ham
3351,spam
3352,spam
3353,ham
3354,ham
3355,ham
3356,ham
3357,ham
3358,ham
3359,ham
3360,ham
3361,ham
3362,ham
3363,ham
3364,ham
3365,ham
3366,ham
3367,spam
3368,ham
3369,spam
3370,ham
3371,ham
3372,ham
3373,ham
3374,ham
3375,spam
3376,ham
3377,spam
3378,ham
3379,ham
3380,ham
3381,ham
3382,spam
3383,spam
3384,ham
3385,ham
3386,ham
3387,spam
3388,ham
3389,ham
3390,ham
3391,ham
3392,ham
3393,ham
3394,spam
3395,ham
3396,ham
3397,ham
3398,spam
3399,ham
3400,ham
3401,ham
3402,ham
3403,spam
3404,ham
3405,ham
3406,ham
3407,ham
3408,spam
3409,ham
3410,ham
3411,spam
3412,ham
3413,ham
3414,ham
3415,ham
3416,spam
3417,ham
3418,ham
3419,ham
3420,ham
3421,ham
3422,ham
3423,ham
3424,ham
3425,ham
3426,ham
3427,ham
3428,ham
3429,spam
3430,spam
3431,ham
3432,ham
3433,ham
3434,ham
3435,ham
3436,ham
3437,ham
3438,ham
3439,ham
3440,ham
3441,ham
3442,ham
3443,spam
3444,ham
3445,ham
3446,ham
3447,ham
3448,ham
3449,ham
3450,ham
3451,ham
3452,ham
3453,ham
3454,ham
3455,ham
3456,ham
3457,spam
3458,ham
3459,spam
3460,spam
3461,ham
3462,ham
3463,ham
3464,ham
3465,ham
3466,ham
3467,ham
3468,ham
3469,ham
3470,ham
3471,ham
3472,ham
3473,ham
3474,ham
3475,ham
3476,ham
3477,spam
3478,ham
3479,ham
3480,spam
3481,spam
3482,ham
3483,ham
3484,ham
3485,ham
3486,ham
3487,spam
3488,ham
3489,ham
3490,spam
3491,ham
3492,spam
3493,ham
3494,ham
3495,ham
3496,ham
3497,ham
3498,ham
3499,ham
3500,spam
3501,ham
3502,ham
3503,ham
3504,ham
3505,spam
3506,ham
3507,ham
3508,ham
3509,ham
3510,ham
3511,ham
3512,ham
3513,ham
3514,ham
3515,ham
3516,ham
3517,ham
3518,ham
3519,spam
3520,ham
3521,ham
3522,ham
3523,ham
3524,ham
3525,ham
3526,spam
3527,ham
3528,ham
3529,spam
3530,ham
3531,ham
3532,ham
3533,ham
3534,ham
3535,spam
3536,ham
3537,ham
3538,ham
3539,ham
3540,ham
3541,ham
3542,ham
3543,ham
3544,ham
3545,ham
3546,ham
3547,ham
3548,ham
3549,ham
3550,ham
3551,ham
3552,ham
3553,ham
3554,ham
3555,ham
3556,ham
3557,ham
3558,ham
3559,ham
3560,ham
3561,ham
3562,ham
3563,ham
3564,ham
3565,ham
3566,ham
3567,ham
3568,ham
3569,spam
3570,ham
3571,ham
3572,ham
3573,spam
3574,ham
3575,ham
3576,ham
3577,ham
3578,ham
3579,ham
3580,ham
3581,ham
3582,ham
3583,ham
3584,ham
3585,ham
3586,spam
3587,spam
3588,ham
3589,ham
3590,ham
3591,ham
3592,ham
3593,ham
3594,spam
3595,ham
3596,ham
3597,spam
3598,ham
3599,ham
3600,ham
3601,ham
3602,spam
3603,spam
3604,ham
3605,ham
3606,spam
3607,ham
3608,ham
3609,ham
3610,ham
3611,ham
3612,ham
3613,ham
3614,ham
3615,ham
3616,ham
3617,spam
3618,ham
3619,spam
3620,ham
3621,spam
3622,ham
3623,ham
3624,ham
3625,ham
3626,ham
3627,ham
3628,ham
3629,spam
3630,ham
3631,ham
3632,ham
3633,ham
3634,ham
3635,spam
3636,ham
3637,ham
3638,ham
3639,ham
3640,ham
3641,ham
3642,ham
3643,ham
3644,ham
3645,ham
3646,spam
3647,ham
3648,ham
3649,ham
3650,ham
3651,ham
3652,ham
3653,ham
3654,ham
3655,ham
3656,ham
3657,ham
3658,spam
3659,ham
3660,ham
3661,ham
3662,ham
3663,spam
3664,ham
3665,ham
3666,ham
3667,ham
3668,ham
3669,ham
3670,ham
3671,ham
3672,ham
3673,ham
3674,ham
3675,ham
3676,spam
3677,ham
3678,ham
3679,spam
3680,ham
3681,ham
3682,ham
3683,ham
3684,spam
3685,ham
3686,ham
3687,ham
3688,ham
3689,spam
3690,ham
3691,ham
3692,ham
3693,ham
3694,ham
3695,spam
3696,ham
3697,ham
3698,ham
3699,ham
3700,ham
3701,ham
3702,ham
3703,spam
3704,spam
3705,ham
3706,ham
3707,spam
3708,spam
3709,ham
3710,ham
3711,ham
3712,spam
3713,ham
3714,ham
3715,ham
3716,ham
3717,ham
3718,spam
3719,ham
3720,spam
3721,ham
3722,ham
3723,ham
3724,ham
3725,ham
3726,ham
3727,ham
3728,spam
3729,ham
3730,ham
3731,spam
3732,ham
3733,ham
3734,ham
3735,ham
3736,ham
3737,ham
3738,ham
3739,ham
3740,ham
3741,ham
3742,ham
3743,ham
3744,ham
3745,ham
3746,ham
3747,ham
3748,ham
3749,ham
3750,ham
3751,ham
3752,ham
3753,ham
3754,ham
3755,ham
3756,ham
3757,ham
3758,ham
3759,ham
3760,ham
3761,spam
3762,ham
3763,ham
3764,spam
3765,ham
3766,ham
3767,ham
3768,ham
3769,ham
3770,ham
3771,spam
3772,ham
3773,spam
3774,ham
3775,ham
3776,ham
3777,ham
3778,spam
3779,ham
3780,ham
3781,ham
3782,ham
3783,ham
3784,ham
3785,spam
3786,ham
3787,ham
3788,ham
3789,ham
3790,ham
3791,ham
3792,ham
3793,spam
3794,ham
3795,ham
3796,ham
3797,ham
3798,spam
3799,ham
3800,ham
3801,ham
3802,ham
3803,ham
3804,ham
3805,ham
3806,ham
3807,ham
3808,ham
3809,spam
3810,ham
3811,spam
3812,ham
3813,ham
3814,ham
3815,ham
3816,ham
3817,ham
3818,ham
3819,ham
3820,ham
3821,ham
3822,ham
3823,ham
3824,ham
3825,ham
3826,ham
3827,ham
3828,ham
3829,spam
3830,ham
3831,ham
3832,ham
3833,spam
3834,ham
3835,ham
3836,ham
3837,spam
3838,ham
3839,ham
3840,spam
3841,ham
3842,ham
3843,spam
3844,ham
3845,ham
3846,ham
3847,ham
3848,ham
3849,ham
3850,ham
3851,ham
3852,ham
3853,ham
3854,spam
3855,ham
3856,ham
3857,ham
3858,spam
3859,ham
3860,spam
3861,ham
3862,ham
3863,ham
3864,spam
3865,ham
3866,ham
3867,ham
3868,ham
3869,ham
3870,ham
3871,ham
3872,ham
3873,ham
3874,ham
3875,ham
3876,ham
3877,ham
3878,ham
3879,ham
3880,ham
3881,ham
3882,ham
3883,ham
3884,ham
3885,ham
3886,ham
3887,ham
3888,ham
3889,ham
3890,ham
3891,ham
3892,ham
3893,ham
3894,ham
3895,ham
3896,ham
3897,ham
3898,ham
3899,ham
3900,ham
3901,ham
3902,ham
3903,ham
3904,ham
3905,ham
3906,ham
3907,ham
3908,ham
3909,ham
3910,ham
3911,ham
3912,ham
3913,ham
3914,ham
3915,ham
3916,ham
3917,ham
3918,ham
3919,ham
3920,ham
3921,ham
3922,ham
3923,ham
3924,ham
3925,ham
3926,ham
3927,ham
3928,ham
3929,ham
3930,ham
3931,spam
3932,ham
3933,ham
3934,ham
3935,ham
3936,ham
3937,ham
3938,ham
3939,ham
3940,ham
3941,spam
3942,ham
3943,ham
3944,spam
3945,ham
3946,ham
3947,ham
3948,ham
3949,spam
3950,ham
3951,spam
3952,ham
3953,ham
3954,ham
3955,ham
3956,ham
3957,ham
3958,ham
3959,ham
3960,ham
3961,ham
3962,ham
3963,ham
3964,ham
3965,ham
3966,ham
3967,ham
3968,ham
3969,ham
3970,ham
3971,ham
3972,ham
3973,spam
3974,ham
3975,ham
3976,ham
3977,ham
3978,ham
3979,ham
3980,ham
3981,ham
3982,ham
3983,ham
3984,ham
3985,ham
3986,ham
3987,ham
3988,ham
3989,ham
3990,ham
3991,ham
3992,ham
3993,ham
3994,ham
3995,ham
3996,ham
3997,ham
3998,spam
3999,ham
4000,spam
4001,ham
4002,ham
4003,ham
4004,ham
4005,ham
4006,ham
4007,ham
4008,ham
4009,spam
4010,ham
4011,ham
4012,ham
4013,ham
4014,ham
4015,spam
4016,ham
4017,ham
4018,ham
4019,ham
4020,spam
4021,ham
4022,ham
4023,ham
4024,ham
4025,spam
4026,ham
4027,ham
4028,ham
4029,ham
4030,spam
4031,ham
4032,ham
4033,ham
4034,ham
4035,ham
4036,ham
4037,ham
4038,spam
4039,ham
4040,ham
4041,ham
4042,ham
4043,ham
4044,ham
4045,ham
4046,ham
4047,ham
4048,ham
4049,ham
4050,ham
4051,ham
4052,ham
4053,ham
4054,ham
4055,ham
4056,ham
4057,spam
4058,ham
4059,ham
4060,ham
4061,spam
4062,spam
4063,spam
4064,ham
4065,ham
4066,ham
4067,ham
4068,ham
4069,spam
4070,ham
4071,ham
4072,ham
4073,ham
4074,ham
4075,spam
4076,ham
4077,ham
4078,ham
4079,spam
4080,ham
4081,ham
4082,ham
4083,ham
4084,ham
4085,ham
4086,ham
4087,ham
4088,ham
4089,ham
4090,ham
4091,ham
4092,spam
4093,ham
4094,ham
4095,ham
4096,ham
4097,ham
4098,ham
4099,ham
4100,ham
4101,ham
4102,ham
4103,spam
4104,ham
4105,spam
4106,ham
4107,ham
4108,spam
4109,ham
4110,ham
4111,ham
4112,ham
4113,ham
4114,ham
4115,ham
4116,ham
4117,spam
4118,ham
4119,ham
4120,ham
4121,ham
4122,ham
4123,ham
4124,ham
4125,ham
4126,ham
4127,ham
4128,ham
4129,ham
4130,ham
4131,ham
4132,ham
4133,ham
4134,spam
4135,ham
4136,ham
4137,ham
4138,ham
4139,spam
4140,ham
4141,ham
4142,spam
4143,ham
4144,ham
4145,ham
4146,ham
4147,ham
4148,spam
4149,ham
4150,ham
4151,ham
4152,ham
4153,ham
4154,ham
4155,ham
4156,ham
4157,ham
4158,ham
4159,ham
4160,ham
4161,ham
4162,ham
4163,ham
4164,ham
4165,ham
4166,ham
4167,ham
4168,ham
4169,spam
4170,ham
4171,ham
4172,spam
4173,ham
4174,spam
4175,ham
4176,ham
4177,ham
4178,ham
4179,ham
4180,ham
4181,spam
4182,ham
4183,spam
4184,ham
4185,ham
4186,ham
4187,spam
4188,ham
4189,ham
4190,ham
4191,ham
4192,ham
4193,ham
4194,spam
4195,ham
4196,ham
4197,ham
4198,ham
4199,ham
4200,ham
4201,ham
4202,spam
4203,ham
4204,ham
4205,ham
4206,ham
4207,ham
4208,ham
4209,ham
4210,ham
4211,ham
4212,ham
4213,ham
4214,ham
4215,ham
4216,spam
4217,ham
4218,ham
4219,ham
4220,ham
4221,ham
4222,ham
4223,ham
4224,ham
4225,ham
4226,ham
4227,ham
4228,spam
4229,ham
4230,ham
4231,ham
4232,ham
4233,ham
4234,ham
4235,ham
4236,spam
4237,ham
4238,ham
4239,ham
4240,spam
4241,ham
4242,ham
4243,ham
4244,ham
4245,ham
4246,ham
4247,ham
4248,ham
4249,ham
4250,ham
4251,ham
4252,spam
4253,ham
4254,ham
4255,ham
4256,ham
4257,ham
4258,ham
4259,ham
4260,ham
4261,spam
4262,ham
4263,ham
4264,ham
4265,ham
4266,ham
4267,ham
4268,ham
4269,ham
4270,ham
4271,ham
4272,ham
4273,ham
4274,spam
4275,ham
4276,ham
4277,ham
4278,ham
4279,ham
4280,ham
4281,spam
4282,ham
4283,ham
4284,ham
4285,ham
4286,ham
4287,ham
4288,ham
4289,ham
4290,ham
4291,spam
4292,ham
4293,spam
4294,spam
4295,ham
4296,ham
4297,ham
4298,ham
4299,spam
4300,ham
4301,ham
4302,ham
4303,ham
4304,ham
4305,spam
4306,ham
4307,ham
4308,spam
4309,ham
4310,ham
4311,ham
4312,spam
4313,spam
4314,spam
4315,ham
4316,spam
4317,ham
4318,ham
4319,spam
4320,ham
4321,ham
4322,ham
4323,ham
4324,ham
4325,ham
4326,spam
4327,spam
4328,ham
4329,ham
4330,ham
4331,ham
4332,ham
4333,ham
4334,ham
4335,ham
4336,ham
4337,ham
4338,spam
4339,ham
4340,ham
4341,spam
4342,ham
4343,ham
4344,ham
4345,ham
4346,ham
4347,ham
4348,spam
4349,ham
4350,ham
4351,ham
4352,ham
4353,ham
4354,ham
4355,ham
4356,ham
4357,ham
4358,ham
4359,ham
4360,ham
4361,ham
4362,ham
4363,ham
4364,ham
4365,ham
4366,ham
4367,ham
4368,ham
4369,ham
4370,ham
4371,ham
4372,ham
4373,spam
4374,ham
4375,spam
4376,ham
4377,ham
4378,ham
4379,ham
4380,ham
4381,ham
4382,ham
4383,spam
4384,ham
4385,ham
4386,ham
4387,ham
4388,ham
4389,ham
4390,spam
4391,spam
4392,ham
4393,ham
4394,ham
4395,ham
4396,ham
4397,spam
4398,spam
4399,ham
4400,ham
4401,ham
4402,ham
4403,ham
4404,ham
4405,spam
4406,ham
4407,ham
4408,ham
4409,spam
4410,ham
4411,ham
4412,ham
4413,ham
4414,ham
4415,ham
4416,ham
4417,ham
4418,ham
4419,ham
4420,ham
4421,ham
4422,ham
4423,ham
4424,ham
4425,spam
4426,ham
4427,ham
4428,ham
4429,ham
4430,ham
4431,ham
4432,ham
4433,spam
4434,ham
4435,ham
4436,ham
4437,ham
4438,ham
4439,ham
4440,ham
4441,ham
4442,ham
4443,ham
4444,ham
4445,ham
4446,ham
4447,ham
4448,ham
4449,ham
4450,ham
4451,ham
4452,ham
4453,ham
4454,ham
4455,ham
4456,ham
